{"IqBXBFjLxw9niu6apYAOGQ==":"5%20portret%20vectorial_%20pictura%20digitala-1489x1053.png","NhE9+ijwnTV5l2Vqr5z/Eg==":"1cafenea%20banner-1920x1358.jpg","cqpGa1n0oZ/LqO9Y5HRqqQ==":"black%20and%20white%20minimal%20monogram%20typography%20personal%20logo-460x460.png","Vgj6d0nX6l95AeOmuOzW2Q==":"1cafenea%20banner-1288x911.jpg","43qc+BpWlqwHQqTcs0HRrQ==":"1render%20full-1288x851.jpg","8lrefWzYYizDHFgu/HSG1Q==":"1render%20bar%201-1288x851.jpg","RqWzS2h6mmSYOGWPskPIKQ==":"1render%20bar%202-1288x851.jpg","7++M9viTrvKm5NshFRymJQ==":"6%20banner%20final-3840x1920.jpg","rLn09UbAguDGkZmEHru0bA==":"6%20prezentare-1920x1439.jpg","Cb+hDnY8XPeBAslRp218Tw==":"6%20foto%20prezentare-1288x1238.jpg","jxyQFKjoX6rryIC6W9toyg==":"6%20puzzle-1288x910.jpg","gF68mwWfegY3JYjGZ5mdIA==":"6%20piesa-1288x1238.jpg","ZHUsXlMbrYV++IjDmIaQcA==":"6%20piese-1288x1717.jpeg","285iX7qIwYUjIuYc+2EbxA==":"8%20studiu%20cranii-1184x888.png","yFPqPiqb/vSyEnURloePPQ==":"22png-3840x2880.png","tUEoq7YCeD5LSiXOpAF4Xw==":"23pg-640x640.jpg","5xsF/UM4e52rsFpAFErjtA==":"4%201-1108x1477.jpg","bhqyVPweJLjPjAwnVssv1g==":"4%202-1108x1477.jpg","XVKzO2r5qduG5bC4NKhbWw==":"4%204-1108x1477.jpg","Rszl4w7+usxv3Bd4LzieMw==":"4%205-1108x1477.jpg","qlJidkFmMnVRhN9HDOD00A==":"318955184_890307228804633_5965598912359856683_n-948x1179.jpg","KkY9ACBWELnrTrBEOXFOHw==":"mbr-100x150.jpg","CMkJhA6B/CQe/lLAqn17SQ==":"mbr-100x75.jpg","PFo6PjxvCOEFMB4aKF7dIg==":"_dsc8908-948x1424.jpeg","Fvdd0DyTF2I/w4nua/kM6g==":"screenshot%202022-12-15%20at%2020.36.11-948x653.png","cIuMmtIMkn0cxN/i18duDw==":"_dsc8908-1-948x1424.jpeg","ugkyVlnKhlV804I5ax823w==":"318955184_890307228804633_5965598912359856683_n-948x1179.jpeg","a/Tz2CRauHiqgP4CUDOmEA==":"_dsc8823-1256x1642.jpg","szz1Wo/Nv2/hk+3mmcyVoQ==":"_dsc8818-1256x1780.jpg","Tv/6M13ociqrnEZQfe+hyg==":"_dsc8818-1256x1780.jpeg","zDJGpTt74pvWOtNoJOc7Kg==":"mbr-816x545.jpg","VhncQjaWflRLZp1pq3PpIg==":"mbr-816x544.jpg","WXrm33yfh/APng5JPj3Qhg==":"mbr-816x583.jpg","TgwVkmZbcabZXiqf1AE7Ig==":"3font-432x648.png","M5XCnzPdoNcTeIz9uAGPNA==":"7%202-432x576.jpeg","/4b459laZA/xSG2R42tb7w==":"7285a127-4345-4a12-ae80-c5d214d1b4d1_rw-1200-1200x793.jpg","3DB6VF04CxmiNLkuOjb31A==":"18331a9a-bd87-4309-bcc1-15c46c0488ca_rw-1200-1200x846.jpg","axjLFDjrKhcegeHPDhqPoA==":"633db331-8a7a-4661-8a3b-452d768bbe39_rw-1200-1200x793.jpg","gXsRqrCa2DDT+nQAlMwMuA==":"92b03a8f-97eb-4d68-9b67-2ebedbbbffcd_rw-1200-1200x793.jpg","MC+jFjZpL8KiPXg1oy+DNg==":"1cafenea%20banner-1900x1344.jpg","oXGMxH4QtgE8S2dmYZV8Ew==":"6%20foto%20prezentare-1900x1826.jpeg"}